,Actual,Predicted
9,83.30000305,78.03013679735058
11,82.59999847,81.58724359527453
0,88.59999847,91.54713992606042
13,83.5,80.87581953228857
